<?xml version="1.0" encoding="UTF-8"?>
<beans  
    xmlns="http://www.springframework.org/schema/beans"  
    xmlns:xsi="http://www.w3.org/2001/XMLSchema-instance"  
    xmlns:p="http://www.springframework.org/schema/p"  
    xsi:schemaLocation="http://www.springframework.org/schema/beans  
                http://www.springframework.org/schema/beans/spring-beans-3.0.xsd">
                
 
 <bean id="us" class="com.User">
 
	<property name="name" >
	 <value>Abc</value>
	 </property>
	 
	 <property name="id" >
	 <value>100</value>
	 </property>
	 
	 
 
 </bean>
 
 
 
 </beans>